{"stats":{"minecraft:custom":{"minecraft:interact_with_anvil":5,"minecraft:mob_kills":104,"minecraft:interact_with_crafting_table":118,"minecraft:bell_ring":66,"minecraft:leave_game":13,"minecraft:time_since_death":8665,"minecraft:climb_one_cm":1358,"minecraft:sprint_one_cm":866366,"minecraft:walk_one_cm":942048,"minecraft:damage_blocked_by_shield":2105,"minecraft:drop":134,"minecraft:talked_to_villager":3,"minecraft:play_time":420721,"minecraft:raid_win":1,"minecraft:sneak_time":10652,"minecraft:deaths":20,"minecraft:walk_under_water_one_cm":20418,"minecraft:jump":8386,"minecraft:walk_on_water_one_cm":86206,"minecraft:total_world_time":420721,"minecraft:interact_with_furnace":89,"minecraft:sleep_in_bed":24,"minecraft:time_since_rest":8692,"minecraft:damage_absorbed":40,"minecraft:damage_taken":11727,"minecraft:damage_dealt":16683,"minecraft:player_kills":2,"minecraft:swim_one_cm":72441,"minecraft:fly_one_cm":941195,"minecraft:open_chest":87,"minecraft:crouch_one_cm":37202,"minecraft:fall_one_cm":240311},"minecraft:picked_up":{"minecraft:crafting_table":4,"minecraft:iron_chestplate":3,"minecraft:wheat":90,"minecraft:chicken":2,"minecraft:wooden_pickaxe":1,"minecraft:string":4,"minecraft:white_carpet":1,"minecraft:iron_leggings":2,"minecraft:item_frame":1,"minecraft:glass_pane":32,"minecraft:oak_sign":2,"minecraft:gold_nugget":12,"minecraft:cobbled_deepslate":315,"minecraft:bucket":1,"minecraft:beef":8,"minecraft:rose_bush":7,"minecraft:cobblestone_slab":80,"minecraft:poppy":2,"minecraft:iron_pickaxe":1,"minecraft:chest":2,"minecraft:egg":1,"minecraft:stick":30,"minecraft:raw_iron":36,"minecraft:oak_door":4,"minecraft:oak_fence":5,"minecraft:torch":26,"minecraft:porkchop":13,"minecraft:carrot":2,"minecraft:stone_sword":2,"minecraft:arrow":9,"minecraft:rotten_flesh":21,"minecraft:hay_block":5,"minecraft:saddle":1,"minecraft:obsidian":1,"minecraft:mutton":29,"minecraft:white_wool":18,"minecraft:cobblestone":228,"minecraft:feather":3,"minecraft:iron_door":1,"minecraft:glow_ink_sac":2,"minecraft:andesite":2,"minecraft:salmon":14,"minecraft:brown_wool":1,"minecraft:leather":13,"minecraft:potato":1,"minecraft:flint":1,"minecraft:oak_log":19,"minecraft:cobblestone_stairs":32,"minecraft:lapis_lazuli":35,"minecraft:wooden_hoe":1,"minecraft:dirt":111,"minecraft:white_banner":3,"minecraft:bone":16,"minecraft:wheat_seeds":501,"minecraft:raw_gold":29,"minecraft:bell":2,"minecraft:iron_ingot":48,"minecraft:stone_pickaxe":5,"minecraft:iron_sword":2,"minecraft:oak_planks":8,"minecraft:book":12,"minecraft:cooked_porkchop":4,"minecraft:sweet_berries":48,"minecraft:dandelion":1,"minecraft:gravel":18,"minecraft:sand":72,"minecraft:ink_sac":3,"minecraft:white_bed":9,"minecraft:spider_eye":3,"minecraft:leather_helmet":1,"minecraft:iron_hoe":1,"minecraft:diamond":45,"minecraft:stone_axe":1,"minecraft:lever":1,"minecraft:granite":2,"minecraft:bone_meal":1,"minecraft:bread":2,"minecraft:coal":71},"minecraft:mined":{"minecraft:nether_gold_ore":4,"minecraft:tuff":57,"minecraft:white_bed":7,"minecraft:farmland":2,"minecraft:deepslate_diamond_ore":39,"minecraft:oak_door":4,"minecraft:cobblestone_stairs":17,"minecraft:obsidian":1,"minecraft:budding_amethyst":2,"minecraft:grass_block":8,"minecraft:spruce_leaves":8,"minecraft:hay_block":5,"minecraft:tall_seagrass":2,"minecraft:iron_ore":35,"minecraft:cobbled_deepslate":2,"minecraft:andesite":2,"minecraft:deepslate_lapis_ore":1,"minecraft:bell":1,"minecraft:dirt_path":1,"minecraft:bookshelf":4,"minecraft:oak_sign":1,"minecraft:cobblestone_slab":18,"minecraft:deepslate_iron_ore":1,"minecraft:stone":107,"minecraft:white_banner":1,"minecraft:tripwire":2,"minecraft:deepslate_redstone_ore":2,"minecraft:glass_pane":4,"minecraft:oak_fence":4,"minecraft:crafting_table":1,"minecraft:calcite":5,"minecraft:rose_bush":7,"minecraft:tall_grass":96,"minecraft:cobblestone":27,"minecraft:deepslate_gold_ore":31,"minecraft:lapis_ore":4,"minecraft:iron_door":1,"minecraft:wall_torch":2,"minecraft:amethyst_block":1,"minecraft:deepslate_copper_ore":3,"minecraft:seagrass":1,"minecraft:wheat":156,"minecraft:sweet_berry_bush":25,"minecraft:birch_leaves":3,"minecraft:bee_nest":1,"minecraft:grass":707,"minecraft:coal_ore":50,"minecraft:oak_log":19,"minecraft:gravel":15,"minecraft:sand":72,"minecraft:dirt":44,"minecraft:smooth_basalt":3,"minecraft:netherrack":20,"minecraft:deepslate":1196,"minecraft:oak_leaves":4,"minecraft:birch_fence":1},"minecraft:broken":{"minecraft:iron_shovel":1,"minecraft:stone_sword":1,"minecraft:iron_sword":1,"minecraft:iron_pickaxe":3,"minecraft:wooden_hoe":1},"minecraft:crafted":{"minecraft:oak_planks":48,"minecraft:cobblestone_slab":72,"minecraft:oak_sign":3,"minecraft:cooked_chicken":2,"minecraft:furnace":1,"minecraft:cobblestone_stairs":36,"minecraft:bone_meal":3,"minecraft:lever":1,"minecraft:heavy_weighted_pressure_plate":2,"minecraft:cooked_mutton":12,"minecraft:glass_pane":32,"minecraft:glass":70,"minecraft:diamond_helmet":1,"minecraft:diamond_leggings":1,"minecraft:iron_axe":1,"minecraft:iron_hoe":1,"minecraft:stone_pickaxe":1,"minecraft:chest":2,"minecraft:diamond_boots":1,"minecraft:iron_door":3,"minecraft:oak_fence":3,"minecraft:golden_boots":1,"minecraft:wheat":45,"minecraft:cooked_beef":7,"minecraft:item_frame":2,"minecraft:diamond_sword":1,"minecraft:iron_trapdoor":1,"minecraft:cooked_porkchop":15,"minecraft:crafting_table":2,"minecraft:iron_helmet":2,"minecraft:iron_sword":2,"minecraft:bucket":1,"minecraft:birch_planks":16,"minecraft:stone_axe":1,"minecraft:bread":44,"minecraft:air":0,"minecraft:iron_chestplate":1,"minecraft:wooden_hoe":1,"minecraft:golden_apple":1,"minecraft:diamond_pickaxe":2,"minecraft:shield":2,"minecraft:birch_fence":6,"minecraft:stick":100,"minecraft:iron_ingot":93,"minecraft:iron_pickaxe":4,"minecraft:stone_sword":2,"minecraft:iron_shovel":1,"minecraft:gold_ingot":30,"minecraft:white_bed":2,"minecraft:torch":44,"minecraft:diamond_chestplate":1},"minecraft:dropped":{"minecraft:water_bucket":1,"minecraft:golden_boots":1,"minecraft:iron_ingot":16,"minecraft:iron_sword":2,"minecraft:wheat_seeds":20,"minecraft:oak_log":1,"minecraft:glow_ink_sac":2,"minecraft:diamond":4,"minecraft:cobblestone":128,"minecraft:leather":6,"minecraft:leather_helmet":1,"minecraft:flint":1,"minecraft:stick":15,"minecraft:cobblestone_stairs":63,"minecraft:dirt":1,"minecraft:diorite":24,"minecraft:torch":22,"minecraft:iron_leggings":3,"minecraft:gold_nugget":1,"minecraft:bone_meal":2,"minecraft:dandelion":1,"minecraft:bone":5,"minecraft:oak_door":1,"minecraft:gravel":8,"minecraft:lever":1,"minecraft:stone_sword":1,"minecraft:cobbled_deepslate":54,"minecraft:wheat":1,"minecraft:white_carpet":1,"minecraft:iron_hoe":1,"minecraft:oak_sign":1,"minecraft:glass_pane":32,"minecraft:pumpkin_seeds":7,"minecraft:poppy":2,"minecraft:potato":1,"minecraft:cobblestone_slab":112,"minecraft:diamond_pickaxe":1,"minecraft:iron_chestplate":3,"minecraft:chest":2,"minecraft:spider_eye":1,"minecraft:glass":1},"minecraft:killed_by":{"minecraft:player":2,"minecraft:spider":2,"minecraft:ravager":1,"minecraft:skeleton":1},"minecraft:used":{"minecraft:oak_fence":8,"minecraft:stone_sword":179,"minecraft:iron_shovel":239,"minecraft:oak_sign":3,"minecraft:chest":2,"minecraft:shield":33,"minecraft:iron_sword":415,"minecraft:bell":1,"minecraft:cooked_chicken":2,"minecraft:torch":39,"minecraft:dirt":125,"minecraft:mutton":10,"minecraft:iron_hoe":66,"minecraft:iron_axe":320,"minecraft:item_frame":3,"minecraft:bow":4,"minecraft:beef":1,"minecraft:sweet_berries":48,"minecraft:iron_trapdoor":1,"minecraft:furnace":1,"minecraft:egg":1,"minecraft:potato":1,"minecraft:cooked_beef":1,"minecraft:cobbled_deepslate":157,"minecraft:cooked_mutton":12,"minecraft:wheat_seeds":337,"minecraft:water_bucket":142,"minecraft:cobblestone_stairs":5,"minecraft:stone_pickaxe":141,"minecraft:cobblestone_slab":40,"minecraft:white_wool":7,"minecraft:golden_apple":1,"minecraft:crafting_table":5,"minecraft:white_bed":8,"minecraft:pumpkin_seeds":1,"minecraft:birch_fence":6,"minecraft:wooden_hoe":75,"minecraft:lever":1,"minecraft:diamond_pickaxe":1109,"minecraft:iron_pickaxe":767,"minecraft:string":2,"minecraft:heavy_weighted_pressure_plate":2,"minecraft:bread":44,"minecraft:gravel":5,"minecraft:iron_door":2,"minecraft:stone_axe":52,"minecraft:diamond_sword":8,"minecraft:cobblestone":6,"minecraft:white_banner":1,"minecraft:cooked_porkchop":10,"minecraft:bucket":144,"minecraft:glass_pane":32,"minecraft:bone_meal":2},"minecraft:killed":{"minecraft:spider":8,"minecraft:skeleton":7,"minecraft:horse":1,"minecraft:chicken":2,"minecraft:cat":1,"minecraft:pig":8,"minecraft:zombie_villager":1,"minecraft:salmon":15,"minecraft:ravager":1,"minecraft:creeper":1,"minecraft:squid":1,"minecraft:sheep":18,"minecraft:pillager":2,"minecraft:zombie":30,"minecraft:enderman":1,"minecraft:cow":4}},"DataVersion":3218}