{"stats":{"minecraft:custom":{"minecraft:interact_with_crafting_table":104,"minecraft:bell_ring":10,"minecraft:leave_game":22,"minecraft:time_since_death":1239,"minecraft:sprint_one_cm":1350341,"minecraft:damage_blocked_by_shield":990,"minecraft:drop":244,"minecraft:talked_to_villager":4,"minecraft:play_time":673748,"minecraft:deaths":42,"minecraft:jump":8847,"minecraft:interact_with_brewingstand":1,"minecraft:walk_on_water_one_cm":202401,"minecraft:interact_with_furnace":96,"minecraft:sleep_in_bed":48,"minecraft:damage_dealt":20945,"minecraft:player_kills":2,"minecraft:crouch_one_cm":82774,"minecraft:mob_kills":128,"minecraft:interact_with_anvil":5,"minecraft:climb_one_cm":1692,"minecraft:walk_one_cm":1723885,"minecraft:target_hit":2,"minecraft:raid_win":1,"minecraft:sneak_time":33525,"minecraft:walk_under_water_one_cm":172748,"minecraft:total_world_time":673961,"minecraft:raid_trigger":1,"minecraft:interact_with_stonecutter":1,"minecraft:time_since_rest":1289,"minecraft:damage_taken":14652,"minecraft:swim_one_cm":142073,"minecraft:fly_one_cm":786014,"minecraft:open_chest":116,"minecraft:fall_one_cm":231653},"minecraft:picked_up":{"minecraft:iron_chestplate":2,"minecraft:wheat":39,"minecraft:brewing_stand":1,"minecraft:amethyst_block":27,"minecraft:string":24,"minecraft:raw_copper":10,"minecraft:oak_sign":6,"minecraft:cobbled_deepslate":209,"minecraft:bucket":1,"minecraft:cobblestone_slab":2,"minecraft:furnace":3,"minecraft:stick":94,"minecraft:oak_fence":50,"minecraft:torch":218,"minecraft:porkchop":25,"minecraft:diorite":191,"minecraft:stone_sword":7,"minecraft:rotten_flesh":93,"minecraft:tropical_fish":1,"minecraft:carved_pumpkin":2,"minecraft:obsidian":10,"minecraft:cod":2,"minecraft:cobblestone":1056,"minecraft:birch_log":17,"minecraft:magma_block":5,"minecraft:feather":7,"minecraft:iron_door":1,"minecraft:water_bucket":1,"minecraft:andesite":100,"minecraft:flint":21,"minecraft:tuff":33,"minecraft:lapis_lazuli":61,"minecraft:stripped_birch_log":6,"minecraft:dirt":1007,"minecraft:bone":44,"minecraft:wheat_seeds":166,"minecraft:raw_gold":15,"minecraft:glowstone_dust":29,"minecraft:oak_planks":248,"minecraft:birch_fence_gate":1,"minecraft:sand":79,"minecraft:ink_sac":3,"minecraft:clay":2,"minecraft:diamond":4,"minecraft:crossbow":3,"minecraft:granite":70,"minecraft:bone_meal":2,"minecraft:golden_apple":1,"minecraft:oak_sapling":11,"minecraft:netherrack":35,"minecraft:diamond_pickaxe":1,"minecraft:crafting_table":8,"minecraft:chicken":6,"minecraft:clay_ball":48,"minecraft:heavy_weighted_pressure_plate":2,"minecraft:cornflower":2,"minecraft:white_carpet":4,"minecraft:item_frame":1,"minecraft:beef":5,"minecraft:poppy":4,"minecraft:birch_sapling":6,"minecraft:egg":8,"minecraft:raw_iron":241,"minecraft:stone":6,"minecraft:oak_door":37,"minecraft:carrot":1,"minecraft:redstone":18,"minecraft:arrow":36,"minecraft:stone_shovel":4,"minecraft:glow_berries":11,"minecraft:mutton":6,"minecraft:white_wool":28,"minecraft:birch_leaves":23,"minecraft:glow_ink_sac":2,"minecraft:salmon":1,"minecraft:leather":29,"minecraft:birch_planks":78,"minecraft:oak_log":61,"minecraft:yellow_bed":1,"minecraft:gunpowder":10,"minecraft:cobblestone_stairs":50,"minecraft:white_banner":3,"minecraft:cooked_mutton":12,"minecraft:apple":3,"minecraft:iron_ingot":84,"minecraft:stone_pickaxe":11,"minecraft:cooked_chicken":2,"minecraft:iron_sword":2,"minecraft:pumpkin":28,"minecraft:dandelion":9,"minecraft:gravel":31,"minecraft:lava_bucket":1,"minecraft:white_bed":16,"minecraft:spruce_log":2,"minecraft:spider_eye":5,"minecraft:leather_helmet":4,"minecraft:pumpkin_seeds":20,"minecraft:stone_axe":2,"minecraft:coal":187},"minecraft:mined":{"minecraft:white_bed":15,"minecraft:farmland":8,"minecraft:cobblestone_stairs":14,"minecraft:brewing_stand":1,"minecraft:carved_pumpkin":2,"minecraft:obsidian":13,"minecraft:cave_vines_plant":1,"minecraft:granite":60,"minecraft:grass_block":217,"minecraft:spawner":2,"minecraft:tall_seagrass":9,"minecraft:magma_block":5,"minecraft:glowstone":8,"minecraft:iron_ore":180,"minecraft:cobbled_deepslate":3,"minecraft:fire":6,"minecraft:pumpkin":7,"minecraft:deepslate_lapis_ore":6,"minecraft:cave_vines":5,"minecraft:oak_sign":1,"minecraft:small_amethyst_bud":1,"minecraft:birch_wall_sign":1,"minecraft:tripwire":1,"minecraft:torch":27,"minecraft:calcite":1,"minecraft:chest":1,"minecraft:cobblestone":192,"minecraft:oak_planks":4,"minecraft:iron_door":1,"minecraft:wall_torch":21,"minecraft:amethyst_block":26,"minecraft:birch_sapling":1,"minecraft:seagrass":3,"minecraft:birch_log":17,"minecraft:wheat":46,"minecraft:grass":223,"minecraft:oak_log":59,"minecraft:sand":78,"minecraft:dirt":405,"minecraft:smooth_basalt":2,"minecraft:netherrack":42,"minecraft:oak_leaves":40,"minecraft:deepslate":361,"minecraft:tuff":36,"minecraft:mossy_cobblestone":1,"minecraft:deepslate_diamond_ore":6,"minecraft:oak_door":28,"minecraft:stripped_birch_log":5,"minecraft:glow_lichen":1,"minecraft:birch_fence_gate":2,"minecraft:spruce_leaves":1,"minecraft:moss_block":3,"minecraft:large_fern":2,"minecraft:redstone_ore":4,"minecraft:furnace":3,"minecraft:heavy_weighted_pressure_plate":2,"minecraft:andesite":54,"minecraft:big_dripleaf_stem":1,"minecraft:bell":1,"minecraft:deepslate_iron_ore":34,"minecraft:cobblestone_slab":1,"minecraft:stone":697,"minecraft:white_wool":13,"minecraft:dandelion":7,"minecraft:oak_fence":25,"minecraft:crafting_table":11,"minecraft:cornflower":2,"minecraft:tall_grass":60,"minecraft:copper_ore":2,"minecraft:lapis_ore":4,"minecraft:deepslate_gold_ore":3,"minecraft:diorite":107,"minecraft:big_dripleaf":2,"minecraft:birch_planks":10,"minecraft:spruce_log":2,"minecraft:birch_leaves":37,"minecraft:yellow_bed":2,"minecraft:coal_ore":85,"minecraft:gravel":47,"minecraft:gold_ore":14},"minecraft:broken":{"minecraft:stone_pickaxe":5,"minecraft:wooden_sword":1,"minecraft:stone_axe":1,"minecraft:iron_sword":1,"minecraft:stone_shovel":1,"minecraft:flint_and_steel":1,"minecraft:iron_pickaxe":1},"minecraft:crafted":{"minecraft:oak_planks":224,"minecraft:cobblestone_slab":6,"minecraft:cooked_chicken":4,"minecraft:stone":3,"minecraft:cobblestone_stairs":12,"minecraft:cooked_mutton":13,"minecraft:glass":59,"minecraft:bow":1,"minecraft:iron_boots":2,"minecraft:birch_fence_gate":3,"minecraft:chest":3,"minecraft:iron_door":3,"minecraft:oak_fence":60,"minecraft:raw_iron_block":8,"minecraft:redstone_lamp":1,"minecraft:target":1,"minecraft:arrow":4,"minecraft:cooked_porkchop":16,"minecraft:crafting_table":3,"minecraft:iron_helmet":1,"minecraft:wooden_pickaxe":1,"minecraft:hay_block":1,"minecraft:birch_planks":92,"minecraft:pumpkin_seeds":12,"minecraft:iron_chestplate":2,"minecraft:wooden_hoe":1,"minecraft:yellow_dye":5,"minecraft:shield":2,"minecraft:birch_fence":12,"minecraft:stick":148,"minecraft:iron_ingot":176,"minecraft:iron_pickaxe":7,"minecraft:iron_block":19,"minecraft:stone_sword":3,"minecraft:shears":1,"minecraft:wooden_sword":1,"minecraft:oak_door":3,"minecraft:stone_shovel":2,"minecraft:tripwire_hook":2,"minecraft:iron_nugget":9,"minecraft:furnace":2,"minecraft:white_carpet":3,"minecraft:flint_and_steel":2,"minecraft:iron_axe":2,"minecraft:stone_pickaxe":11,"minecraft:birch_sign":3,"minecraft:cooked_beef":5,"minecraft:cooked_cod":2,"minecraft:crossbow":2,"minecraft:iron_sword":2,"minecraft:cooked_salmon":15,"minecraft:leather_helmet":1,"minecraft:bucket":3,"minecraft:stone_axe":1,"minecraft:glowstone":4,"minecraft:blue_dye":2,"minecraft:iron_leggings":2,"minecraft:anvil":1,"minecraft:white_bed":2,"minecraft:torch":36,"minecraft:clay":12},"minecraft:dropped":{"minecraft:clay":2,"minecraft:iron_sword":2,"minecraft:porkchop":1,"minecraft:oak_log":2,"minecraft:cooked_porkchop":10,"minecraft:crossbow":2,"minecraft:glow_berries":5,"minecraft:leather":2,"minecraft:leather_helmet":1,"minecraft:item_frame":1,"minecraft:dirt":19,"minecraft:yellow_dye":4,"minecraft:iron_pickaxe":1,"minecraft:bone":26,"minecraft:gravel":16,"minecraft:cobbled_deepslate":46,"minecraft:rotten_flesh":53,"minecraft:oak_planks":26,"minecraft:glowstone_dust":12,"minecraft:poppy":3,"minecraft:glowstone":3,"minecraft:arrow":1,"minecraft:netherrack":17,"minecraft:water_bucket":2,"minecraft:iron_ingot":32,"minecraft:bread":2,"minecraft:birch_leaves":4,"minecraft:wheat_seeds":61,"minecraft:iron_helmet":1,"minecraft:cobblestone":13,"minecraft:granite":11,"minecraft:tropical_fish":1,"minecraft:golden_apple":1,"minecraft:stick":17,"minecraft:lava_bucket":1,"minecraft:diorite":75,"minecraft:wooden_hoe":1,"minecraft:iron_leggings":1,"minecraft:pumpkin":1,"minecraft:dandelion":2,"minecraft:stone_shovel":2,"minecraft:raw_iron":29,"minecraft:iron_boots":1,"minecraft:pumpkin_seeds":8,"minecraft:cobblestone_slab":2,"minecraft:iron_chestplate":3,"minecraft:andesite":27,"minecraft:oak_sapling":2,"minecraft:spider_eye":2,"minecraft:bow":1,"minecraft:stone_pickaxe":5},"minecraft:killed_by":{"minecraft:creeper":1,"minecraft:pillager":1,"minecraft:zombie":3,"minecraft:player":2,"minecraft:spider":1,"minecraft:enderman":1,"minecraft:skeleton":5},"minecraft:used":{"minecraft:poppy":1,"minecraft:oak_sign":1,"minecraft:chest":3,"minecraft:shield":34,"minecraft:iron_sword":303,"minecraft:rotten_flesh":12,"minecraft:carrot":1,"minecraft:tuff":33,"minecraft:axolotl_bucket":4,"minecraft:obsidian":10,"minecraft:glass":52,"minecraft:lava_bucket":25,"minecraft:birch_sapling":4,"minecraft:redstone_lamp":1,"minecraft:bow":3,"minecraft:furnace":5,"minecraft:egg":4,"minecraft:stone_pickaxe":910,"minecraft:oak_planks":22,"minecraft:wooden_pickaxe":42,"minecraft:clay":12,"minecraft:white_wool":10,"minecraft:glow_berries":4,"minecraft:sand":4,"minecraft:blue_dye":2,"minecraft:crossbow":19,"minecraft:shears":35,"minecraft:birch_fence":2,"minecraft:birch_fence_gate":4,"minecraft:string":1,"minecraft:bread":1,"minecraft:gravel":10,"minecraft:wooden_sword":71,"minecraft:andesite":1,"minecraft:oak_fence":77,"minecraft:stone_sword":202,"minecraft:flint_and_steel":65,"minecraft:stone_shovel":177,"minecraft:cooked_salmon":12,"minecraft:cooked_chicken":4,"minecraft:netherrack":16,"minecraft:oak_door":31,"minecraft:torch":119,"minecraft:dirt":452,"minecraft:anvil":1,"minecraft:target":1,"minecraft:white_carpet":5,"minecraft:granite":11,"minecraft:iron_axe":144,"minecraft:beef":4,"minecraft:cooked_beef":5,"minecraft:cobbled_deepslate":25,"minecraft:pumpkin":3,"minecraft:wheat_seeds":58,"minecraft:cooked_mutton":13,"minecraft:water_bucket":123,"minecraft:cobblestone_stairs":46,"minecraft:birch_planks":10,"minecraft:glow_ink_sac":2,"minecraft:cobblestone_slab":5,"minecraft:crafting_table":11,"minecraft:birch_sign":3,"minecraft:white_bed":16,"minecraft:wooden_hoe":29,"minecraft:diamond_pickaxe":92,"minecraft:iron_pickaxe":965,"minecraft:leather_helmet":2,"minecraft:stone_axe":110,"minecraft:cobblestone":501,"minecraft:porkchop":9,"minecraft:cooked_porkchop":8,"minecraft:bucket":155},"minecraft:killed":{"minecraft:spider":13,"minecraft:cod":2,"minecraft:skeleton":21,"minecraft:chicken":5,"minecraft:wolf":1,"minecraft:piglin":2,"minecraft:pig":12,"minecraft:zombie_villager":1,"minecraft:salmon":1,"minecraft:iron_golem":3,"minecraft:creeper":4,"minecraft:sheep":4,"minecraft:pillager":7,"minecraft:zombie":32,"minecraft:glow_squid":3,"minecraft:cow":3,"minecraft:vindicator":1,"minecraft:horse":6,"minecraft:squid":2,"minecraft:villager":1}},"DataVersion":3218}