{"stats":{"minecraft:custom":{"minecraft:time_since_rest":1219,"minecraft:sprint_one_cm":194862,"minecraft:interact_with_furnace":4,"minecraft:damage_taken":4871,"minecraft:walk_one_cm":384178,"minecraft:mob_kills":8,"minecraft:drop":90,"minecraft:damage_dealt":1380,"minecraft:swim_one_cm":4571,"minecraft:interact_with_crafting_table":2,"minecraft:fly_one_cm":90094,"minecraft:open_chest":9,"minecraft:crouch_one_cm":390,"minecraft:play_time":76257,"minecraft:deaths":18,"minecraft:sneak_time":93,"minecraft:walk_under_water_one_cm":5355,"minecraft:jump":1426,"minecraft:leave_game":5,"minecraft:time_since_death":1187,"minecraft:walk_on_water_one_cm":41117,"minecraft:sleep_in_bed":6,"minecraft:total_world_time":76257,"minecraft:fall_one_cm":62203},"minecraft:picked_up":{"minecraft:iron_chestplate":1,"minecraft:wheat":7,"minecraft:azure_bluet":1,"minecraft:glow_ink_sac":1,"minecraft:water_bucket":1,"minecraft:leather":2,"minecraft:torch":6,"minecraft:dandelion":2,"minecraft:potato":1,"minecraft:sand":5,"minecraft:golden_boots":2,"minecraft:dirt":35,"minecraft:white_carpet":1,"minecraft:iron_leggings":2,"minecraft:stone_sword":1,"minecraft:bone":3,"minecraft:arrow":2,"minecraft:wheat_seeds":59,"minecraft:bucket":1,"minecraft:iron_helmet":1,"minecraft:beef":2,"minecraft:iron_ingot":30,"minecraft:mutton":3,"minecraft:iron_boots":1},"minecraft:mined":{"minecraft:wheat":4,"minecraft:dandelion":2,"minecraft:azure_bluet":1,"minecraft:grass":59,"minecraft:grass_block":2,"minecraft:sand":3,"minecraft:dirt":1,"minecraft:tall_grass":22,"minecraft:oak_leaves":2,"minecraft:wall_torch":3},"minecraft:dropped":{"minecraft:golden_boots":1,"minecraft:iron_ingot":30,"minecraft:dirt":15,"minecraft:wheat_seeds":53,"minecraft:stone_sword":1,"minecraft:wheat":7,"minecraft:bucket":2},"minecraft:killed_by":{"minecraft:zombified_piglin":2,"minecraft:skeleton":1,"minecraft:zombie":2,"minecraft:pillager":1},"minecraft:used":{"minecraft:iron_hoe":10,"minecraft:stone_sword":119,"minecraft:stone_pickaxe":28,"minecraft:iron_helmet":1,"minecraft:iron_boots":1,"minecraft:iron_chestplate":1,"minecraft:torch":3,"minecraft:dirt":10,"minecraft:bucket":18,"minecraft:iron_leggings":1,"minecraft:water_bucket":18,"minecraft:wheat_seeds":3},"minecraft:killed":{"minecraft:sheep":2,"minecraft:skeleton":3,"minecraft:bee":1,"minecraft:cow":1}},"DataVersion":3218}